{"cameraMode":{"drawMode":0,"name":"Shaded","section":"Shading Mode"},"sceneLighting":true,"audioPlay":false,"sceneViewState":{"showFog":false,"showMaterialUpdate":false,"showSkybox":false,"showFlares":false,"showImageEffects":false,"showParticleSystems":false},"in2DMode":false,"pivot":{"x":24.331750869750978,"y":29.140750885009767,"z":11.83755111694336},"rotation":{"x":-0.028805555775761606,"y":0.00359562155790627,"z":-0.00010368613584432751,"w":-0.999578595161438},"size":74.0295181274414,"orthographic":false}