{"cameraMode":{"drawMode":0,"name":"Shaded","section":"Shading Mode"},"sceneLighting":false,"audioPlay":false,"sceneViewState":{"showFog":false,"showMaterialUpdate":false,"showSkybox":false,"showFlares":false,"showImageEffects":false,"showParticleSystems":false},"in2DMode":false,"pivot":{"x":81.02909088134766,"y":152.2490234375,"z":-48.285316467285159},"rotation":{"x":-0.20558488368988038,"y":0.04753785952925682,"z":-0.009998776018619538,"w":-0.977432906627655},"size":233.34524536132813,"orthographic":false}